id,width,height,url,photographer,photographer_url,photographer_id,avg_color,original,large2x,large,medium,small,portrait,landscape,tiny,liked,alt,aspect_ratio,orientation,size_group
28800340,4000,3000,https://www.pexels.com/photo/silhouetted-scuba-divers-underwater-adventure-28800340/,Markos Torpillas,https://www.pexels.com/@markos-torpillas-7393989,7393989,#0B65A1,https://images.pexels.com/photos/28800340/pexels-photo-28800340.jpeg,https://images.pexels.com/photos/28800340/pexels-photo-28800340.jpeg?auto=compress&cs=tinysrgb&dpr=2&h=650&w=940,https://images.pexels.com/photos/28800340/pexels-photo-28800340.jpeg?auto=compress&cs=tinysrgb&h=650&w=940,https://images.pexels.com/photos/28800340/pexels-photo-28800340.jpeg?auto=compress&cs=tinysrgb&h=350,https://images.pexels.com/photos/28800340/pexels-photo-28800340.jpeg?auto=compress&cs=tinysrgb&h=130,https://images.pexels.com/photos/28800340/pexels-photo-28800340.jpeg?auto=compress&cs=tinysrgb&fit=crop&h=1200&w=800,https://images.pexels.com/photos/28800340/pexels-photo-28800340.jpeg?auto=compress&cs=tinysrgb&fit=crop&h=627&w=1200,https://images.pexels.com/photos/28800340/pexels-photo-28800340.jpeg?auto=compress&cs=tinysrgb&dpr=1&fit=crop&h=200&w=280,FALSE,Silhouette of two scuba divers sharing a moment underwater in a bright blue ocean scene.,1.3333333333333333,landscape,large
16397118,4032,3024,https://www.pexels.com/photo/divers-swimming-under-water-in-ocean-16397118/,Emre Kocdemir,https://www.pexels.com/@emre-kocdemir-282191039,282191039,#0275CE,https://images.pexels.com/photos/16397118/pexels-photo-16397118.jpeg,https://images.pexels.com/photos/16397118/pexels-photo-16397118.jpeg?auto=compress&cs=tinysrgb&dpr=2&h=650&w=940,https://images.pexels.com/photos/16397118/pexels-photo-16397118.jpeg?auto=compress&cs=tinysrgb&h=650&w=940,https://images.pexels.com/photos/16397118/pexels-photo-16397118.jpeg?auto=compress&cs=tinysrgb&h=350,https://images.pexels.com/photos/16397118/pexels-photo-16397118.jpeg?auto=compress&cs=tinysrgb&h=130,https://images.pexels.com/photos/16397118/pexels-photo-16397118.jpeg?auto=compress&cs=tinysrgb&fit=crop&h=1200&w=800,https://images.pexels.com/photos/16397118/pexels-photo-16397118.jpeg?auto=compress&cs=tinysrgb&fit=crop&h=627&w=1200,https://images.pexels.com/photos/16397118/pexels-photo-16397118.jpeg?auto=compress&cs=tinysrgb&dpr=1&fit=crop&h=200&w=280,FALSE,"Two scuba divers explore a vibrant coral reef underwater, surrounded by marine life and bubbles.",1.3333333333333333,landscape,large
7001622,4928,3264,https://www.pexels.com/photo/scuba-divers-underwater-7001622/,Leonardo Lamas,https://www.pexels.com/@leonardo-lamas-32247393,32247393,#2462B0,https://images.pexels.com/photos/7001622/pexels-photo-7001622.jpeg,https://images.pexels.com/photos/7001622/pexels-photo-7001622.jpeg?auto=compress&cs=tinysrgb&dpr=2&h=650&w=940,https://images.pexels.com/photos/7001622/pexels-photo-7001622.jpeg?auto=compress&cs=tinysrgb&h=650&w=940,https://images.pexels.com/photos/7001622/pexels-photo-7001622.jpeg?auto=compress&cs=tinysrgb&h=350,https://images.pexels.com/photos/7001622/pexels-photo-7001622.jpeg?auto=compress&cs=tinysrgb&h=130,https://images.pexels.com/photos/7001622/pexels-photo-7001622.jpeg?auto=compress&cs=tinysrgb&fit=crop&h=1200&w=800,https://images.pexels.com/photos/7001622/pexels-photo-7001622.jpeg?auto=compress&cs=tinysrgb&fit=crop&h=627&w=1200,https://images.pexels.com/photos/7001622/pexels-photo-7001622.jpeg?auto=compress&cs=tinysrgb&dpr=1&fit=crop&h=200&w=280,FALSE,Two scuba divers capturing the vibrant marine life near an underwater wreck in crystal clear waters.,1.5098039215686274,landscape,large
14565669,5526,3685,https://www.pexels.com/photo/men-wearing-fins-while-diving-underwater-14565669/,Sébastien Vincon,https://www.pexels.com/@aomata,46789893,#0D5386,https://images.pexels.com/photos/14565669/pexels-photo-14565669.jpeg,https://images.pexels.com/photos/14565669/pexels-photo-14565669.jpeg?auto=compress&cs=tinysrgb&dpr=2&h=650&w=940,https://images.pexels.com/photos/14565669/pexels-photo-14565669.jpeg?auto=compress&cs=tinysrgb&h=650&w=940,https://images.pexels.com/photos/14565669/pexels-photo-14565669.jpeg?auto=compress&cs=tinysrgb&h=350,https://images.pexels.com/photos/14565669/pexels-photo-14565669.jpeg?auto=compress&cs=tinysrgb&h=130,https://images.pexels.com/photos/14565669/pexels-photo-14565669.jpeg?auto=compress&cs=tinysrgb&fit=crop&h=1200&w=800,https://images.pexels.com/photos/14565669/pexels-photo-14565669.jpeg?auto=compress&cs=tinysrgb&fit=crop&h=627&w=1200,https://images.pexels.com/photos/14565669/pexels-photo-14565669.jpeg?auto=compress&cs=tinysrgb&dpr=1&fit=crop&h=200&w=280,FALSE,"Two scuba divers with gear exploring the deep blue ocean, captured under natural light.",1.4995929443690639,landscape,large
10137511,3620,2715,https://www.pexels.com/photo/grayscale-photo-of-scuba-divers-under-the-sea-10137511/,Alexey Demidov,https://www.pexels.com/@alexeydemidov,53796359,#404040,https://images.pexels.com/photos/10137511/pexels-photo-10137511.jpeg,https://images.pexels.com/photos/10137511/pexels-photo-10137511.jpeg?auto=compress&cs=tinysrgb&dpr=2&h=650&w=940,https://images.pexels.com/photos/10137511/pexels-photo-10137511.jpeg?auto=compress&cs=tinysrgb&h=650&w=940,https://images.pexels.com/photos/10137511/pexels-photo-10137511.jpeg?auto=compress&cs=tinysrgb&h=350,https://images.pexels.com/photos/10137511/pexels-photo-10137511.jpeg?auto=compress&cs=tinysrgb&h=130,https://images.pexels.com/photos/10137511/pexels-photo-10137511.jpeg?auto=compress&cs=tinysrgb&fit=crop&h=1200&w=800,https://images.pexels.com/photos/10137511/pexels-photo-10137511.jpeg?auto=compress&cs=tinysrgb&fit=crop&h=627&w=1200,https://images.pexels.com/photos/10137511/pexels-photo-10137511.jpeg?auto=compress&cs=tinysrgb&dpr=1&fit=crop&h=200&w=280,FALSE,Monochrome image of scuba divers exploring the depths of the ocean.,1.3333333333333333,landscape,medium
7970768,4000,3000,https://www.pexels.com/photo/two-people-scuba-diving-7970768/,Debal Das,https://www.pexels.com/@debal-das-59599429,59599429,#237A84,https://images.pexels.com/photos/7970768/pexels-photo-7970768.jpeg,https://images.pexels.com/photos/7970768/pexels-photo-7970768.jpeg?auto=compress&cs=tinysrgb&dpr=2&h=650&w=940,https://images.pexels.com/photos/7970768/pexels-photo-7970768.jpeg?auto=compress&cs=tinysrgb&h=650&w=940,https://images.pexels.com/photos/7970768/pexels-photo-7970768.jpeg?auto=compress&cs=tinysrgb&h=350,https://images.pexels.com/photos/7970768/pexels-photo-7970768.jpeg?auto=compress&cs=tinysrgb&h=130,https://images.pexels.com/photos/7970768/pexels-photo-7970768.jpeg?auto=compress&cs=tinysrgb&fit=crop&h=1200&w=800,https://images.pexels.com/photos/7970768/pexels-photo-7970768.jpeg?auto=compress&cs=tinysrgb&fit=crop&h=627&w=1200,https://images.pexels.com/photos/7970768/pexels-photo-7970768.jpeg?auto=compress&cs=tinysrgb&dpr=1&fit=crop&h=200&w=280,FALSE,Two scuba divers exploring underwater scenery with marine life and coral.,1.3333333333333333,landscape,large
33905998,4000,3000,https://www.pexels.com/photo/underwater-divers-exploring-indonesian-coral-reef-33905998/,Rocky Gendu,https://www.pexels.com/@rocky-gendu-571473672,571473672,#5A6C90,https://images.pexels.com/photos/33905998/pexels-photo-33905998.jpeg,https://images.pexels.com/photos/33905998/pexels-photo-33905998.jpeg?auto=compress&cs=tinysrgb&dpr=2&h=650&w=940,https://images.pexels.com/photos/33905998/pexels-photo-33905998.jpeg?auto=compress&cs=tinysrgb&h=650&w=940,https://images.pexels.com/photos/33905998/pexels-photo-33905998.jpeg?auto=compress&cs=tinysrgb&h=350,https://images.pexels.com/photos/33905998/pexels-photo-33905998.jpeg?auto=compress&cs=tinysrgb&h=130,https://images.pexels.com/photos/33905998/pexels-photo-33905998.jpeg?auto=compress&cs=tinysrgb&fit=crop&h=1200&w=800,https://images.pexels.com/photos/33905998/pexels-photo-33905998.jpeg?auto=compress&cs=tinysrgb&fit=crop&h=627&w=1200,https://images.pexels.com/photos/33905998/pexels-photo-33905998.jpeg?auto=compress&cs=tinysrgb&dpr=1&fit=crop&h=200&w=280,FALSE,"Group of scuba divers exploring vibrant coral reefs in Sulawesi Selatan, Indonesia.",1.3333333333333333,landscape,large
14267355,4032,2268,https://www.pexels.com/photo/scuba-divers-under-the-sea-14267355/,Francisco Davids,https://www.pexels.com/@francisco-davids-150089269,150089269,#3D699A,https://images.pexels.com/photos/14267355/pexels-photo-14267355.jpeg,https://images.pexels.com/photos/14267355/pexels-photo-14267355.jpeg?auto=compress&cs=tinysrgb&dpr=2&h=650&w=940,https://images.pexels.com/photos/14267355/pexels-photo-14267355.jpeg?auto=compress&cs=tinysrgb&h=650&w=940,https://images.pexels.com/photos/14267355/pexels-photo-14267355.jpeg?auto=compress&cs=tinysrgb&h=350,https://images.pexels.com/photos/14267355/pexels-photo-14267355.jpeg?auto=compress&cs=tinysrgb&h=130,https://images.pexels.com/photos/14267355/pexels-photo-14267355.jpeg?auto=compress&cs=tinysrgb&fit=crop&h=1200&w=800,https://images.pexels.com/photos/14267355/pexels-photo-14267355.jpeg?auto=compress&cs=tinysrgb&fit=crop&h=627&w=1200,https://images.pexels.com/photos/14267355/pexels-photo-14267355.jpeg?auto=compress&cs=tinysrgb&dpr=1&fit=crop&h=200&w=280,FALSE,"Divers interact with playful seals in a vivid underwater scene, showcasing marine life.",1.7777777777777777,landscape,large
30620493,4000,3000,https://www.pexels.com/photo/underwater-scuba-diver-exploring-colorful-coral-reef-30620493/,HUAHIN PILOT LAND & REAL ESTATE  DRONER,https://www.pexels.com/@huahin-pilot-land-real-estate-droner-451516967,451516967,#396870,https://images.pexels.com/photos/30620493/pexels-photo-30620493.jpeg,https://images.pexels.com/photos/30620493/pexels-photo-30620493.jpeg?auto=compress&cs=tinysrgb&dpr=2&h=650&w=940,https://images.pexels.com/photos/30620493/pexels-photo-30620493.jpeg?auto=compress&cs=tinysrgb&h=650&w=940,https://images.pexels.com/photos/30620493/pexels-photo-30620493.jpeg?auto=compress&cs=tinysrgb&h=350,https://images.pexels.com/photos/30620493/pexels-photo-30620493.jpeg?auto=compress&cs=tinysrgb&h=130,https://images.pexels.com/photos/30620493/pexels-photo-30620493.jpeg?auto=compress&cs=tinysrgb&fit=crop&h=1200&w=800,https://images.pexels.com/photos/30620493/pexels-photo-30620493.jpeg?auto=compress&cs=tinysrgb&fit=crop&h=627&w=1200,https://images.pexels.com/photos/30620493/pexels-photo-30620493.jpeg?auto=compress&cs=tinysrgb&dpr=1&fit=crop&h=200&w=280,FALSE,"A scuba diver explores a vibrant coral reef underwater, showcasing marine biodiversity.",1.3333333333333333,landscape,large
15763623,3600,2401,https://www.pexels.com/photo/scuba-divers-swimming-near-shipwreck-15763623/,Harvey Clements,https://www.pexels.com/@harvey-clements-13141095,13141095,#1A324C,https://images.pexels.com/photos/15763623/pexels-photo-15763623.jpeg,https://images.pexels.com/photos/15763623/pexels-photo-15763623.jpeg?auto=compress&cs=tinysrgb&dpr=2&h=650&w=940,https://images.pexels.com/photos/15763623/pexels-photo-15763623.jpeg?auto=compress&cs=tinysrgb&h=650&w=940,https://images.pexels.com/photos/15763623/pexels-photo-15763623.jpeg?auto=compress&cs=tinysrgb&h=350,https://images.pexels.com/photos/15763623/pexels-photo-15763623.jpeg?auto=compress&cs=tinysrgb&h=130,https://images.pexels.com/photos/15763623/pexels-photo-15763623.jpeg?auto=compress&cs=tinysrgb&fit=crop&h=1200&w=800,https://images.pexels.com/photos/15763623/pexels-photo-15763623.jpeg?auto=compress&cs=tinysrgb&fit=crop&h=627&w=1200,https://images.pexels.com/photos/15763623/pexels-photo-15763623.jpeg?auto=compress&cs=tinysrgb&dpr=1&fit=crop&h=200&w=280,FALSE,"Two scuba divers explore an underwater shipwreck off the coast of Isla Mujeres, Mexico.",1.499375260308205,landscape,medium
15463373,3600,2401,https://www.pexels.com/photo/scuba-divers-under-water-near-a-shipwreck-15463373/,Harvey Clements,https://www.pexels.com/@harvey-clements-13141095,13141095,#3B587A,https://images.pexels.com/photos/15463373/pexels-photo-15463373.jpeg,https://images.pexels.com/photos/15463373/pexels-photo-15463373.jpeg?auto=compress&cs=tinysrgb&dpr=2&h=650&w=940,https://images.pexels.com/photos/15463373/pexels-photo-15463373.jpeg?auto=compress&cs=tinysrgb&h=650&w=940,https://images.pexels.com/photos/15463373/pexels-photo-15463373.jpeg?auto=compress&cs=tinysrgb&h=350,https://images.pexels.com/photos/15463373/pexels-photo-15463373.jpeg?auto=compress&cs=tinysrgb&h=130,https://images.pexels.com/photos/15463373/pexels-photo-15463373.jpeg?auto=compress&cs=tinysrgb&fit=crop&h=1200&w=800,https://images.pexels.com/photos/15463373/pexels-photo-15463373.jpeg?auto=compress&cs=tinysrgb&fit=crop&h=627&w=1200,https://images.pexels.com/photos/15463373/pexels-photo-15463373.jpeg?auto=compress&cs=tinysrgb&dpr=1&fit=crop&h=200&w=280,FALSE,"Scuba divers explore a shipwreck in Isla Mujeres, Mexico, amidst bubbles and sea life.",1.499375260308205,landscape,medium
11634276,3780,2520,https://www.pexels.com/photo/two-divers-under-the-sea-11634276/,Christian Vergara,https://www.pexels.com/@christian-vergara-19046939,19046939,#317899,https://images.pexels.com/photos/11634276/pexels-photo-11634276.jpeg,https://images.pexels.com/photos/11634276/pexels-photo-11634276.jpeg?auto=compress&cs=tinysrgb&dpr=2&h=650&w=940,https://images.pexels.com/photos/11634276/pexels-photo-11634276.jpeg?auto=compress&cs=tinysrgb&h=650&w=940,https://images.pexels.com/photos/11634276/pexels-photo-11634276.jpeg?auto=compress&cs=tinysrgb&h=350,https://images.pexels.com/photos/11634276/pexels-photo-11634276.jpeg?auto=compress&cs=tinysrgb&h=130,https://images.pexels.com/photos/11634276/pexels-photo-11634276.jpeg?auto=compress&cs=tinysrgb&fit=crop&h=1200&w=800,https://images.pexels.com/photos/11634276/pexels-photo-11634276.jpeg?auto=compress&cs=tinysrgb&fit=crop&h=627&w=1200,https://images.pexels.com/photos/11634276/pexels-photo-11634276.jpeg?auto=compress&cs=tinysrgb&dpr=1&fit=crop&h=200&w=280,FALSE,Two scuba divers explore vibrant coral reefs in clear ocean waters.,1.5,landscape,medium
7987177,4000,3000,https://www.pexels.com/photo/a-people-doing-scuba-diving-7987177/,Pexels User,https://www.pexels.com/@pexels-user-59967056,59967056,#2B6DBB,https://images.pexels.com/photos/7987177/pexels-photo-7987177.jpeg,https://images.pexels.com/photos/7987177/pexels-photo-7987177.jpeg?auto=compress&cs=tinysrgb&dpr=2&h=650&w=940,https://images.pexels.com/photos/7987177/pexels-photo-7987177.jpeg?auto=compress&cs=tinysrgb&h=650&w=940,https://images.pexels.com/photos/7987177/pexels-photo-7987177.jpeg?auto=compress&cs=tinysrgb&h=350,https://images.pexels.com/photos/7987177/pexels-photo-7987177.jpeg?auto=compress&cs=tinysrgb&h=130,https://images.pexels.com/photos/7987177/pexels-photo-7987177.jpeg?auto=compress&cs=tinysrgb&fit=crop&h=1200&w=800,https://images.pexels.com/photos/7987177/pexels-photo-7987177.jpeg?auto=compress&cs=tinysrgb&fit=crop&h=627&w=1200,https://images.pexels.com/photos/7987177/pexels-photo-7987177.jpeg?auto=compress&cs=tinysrgb&dpr=1&fit=crop&h=200&w=280,FALSE,"Three scuba divers explore a colorful coral reef, showcasing marine life and underwater adventure.",1.3333333333333333,landscape,large
33607589,4928,3264,https://www.pexels.com/photo/cave-diving-adventure-in-pernambuco-brazil-33607589/,Phabricius Monteirus,https://www.pexels.com/@phabricius-monteirus-1275986144,1275986144,#3A7583,https://images.pexels.com/photos/33607589/pexels-photo-33607589.jpeg,https://images.pexels.com/photos/33607589/pexels-photo-33607589.jpeg?auto=compress&cs=tinysrgb&dpr=2&h=650&w=940,https://images.pexels.com/photos/33607589/pexels-photo-33607589.jpeg?auto=compress&cs=tinysrgb&h=650&w=940,https://images.pexels.com/photos/33607589/pexels-photo-33607589.jpeg?auto=compress&cs=tinysrgb&h=350,https://images.pexels.com/photos/33607589/pexels-photo-33607589.jpeg?auto=compress&cs=tinysrgb&h=130,https://images.pexels.com/photos/33607589/pexels-photo-33607589.jpeg?auto=compress&cs=tinysrgb&fit=crop&h=1200&w=800,https://images.pexels.com/photos/33607589/pexels-photo-33607589.jpeg?auto=compress&cs=tinysrgb&fit=crop&h=627&w=1200,https://images.pexels.com/photos/33607589/pexels-photo-33607589.jpeg?auto=compress&cs=tinysrgb&dpr=1&fit=crop&h=200&w=280,FALSE,Explore vibrant marine life and cave diving in Pernambuco's clear blue waters.,1.5098039215686274,landscape,large
16851074,4715,3200,https://www.pexels.com/photo/couple-in-scuba-diving-equipment-in-water-16851074/,Robert So,https://www.pexels.com/@robertkso,86845552,#5482A3,https://images.pexels.com/photos/16851074/pexels-photo-16851074.jpeg,https://images.pexels.com/photos/16851074/pexels-photo-16851074.jpeg?auto=compress&cs=tinysrgb&dpr=2&h=650&w=940,https://images.pexels.com/photos/16851074/pexels-photo-16851074.jpeg?auto=compress&cs=tinysrgb&h=650&w=940,https://images.pexels.com/photos/16851074/pexels-photo-16851074.jpeg?auto=compress&cs=tinysrgb&h=350,https://images.pexels.com/photos/16851074/pexels-photo-16851074.jpeg?auto=compress&cs=tinysrgb&h=130,https://images.pexels.com/photos/16851074/pexels-photo-16851074.jpeg?auto=compress&cs=tinysrgb&fit=crop&h=1200&w=800,https://images.pexels.com/photos/16851074/pexels-photo-16851074.jpeg?auto=compress&cs=tinysrgb&fit=crop&h=627&w=1200,https://images.pexels.com/photos/16851074/pexels-photo-16851074.jpeg?auto=compress&cs=tinysrgb&dpr=1&fit=crop&h=200&w=280,FALSE,"Two scuba divers enjoying a sunny day in clear open water, equipped with full scuba gear.",1.4734375,landscape,large
15288621,3600,2401,https://www.pexels.com/photo/two-scuba-divers-underwater-15288621/,Harvey Clements,https://www.pexels.com/@harvey-clements-13141095,13141095,#413237,https://images.pexels.com/photos/15288621/pexels-photo-15288621.jpeg,https://images.pexels.com/photos/15288621/pexels-photo-15288621.jpeg?auto=compress&cs=tinysrgb&dpr=2&h=650&w=940,https://images.pexels.com/photos/15288621/pexels-photo-15288621.jpeg?auto=compress&cs=tinysrgb&h=650&w=940,https://images.pexels.com/photos/15288621/pexels-photo-15288621.jpeg?auto=compress&cs=tinysrgb&h=350,https://images.pexels.com/photos/15288621/pexels-photo-15288621.jpeg?auto=compress&cs=tinysrgb&h=130,https://images.pexels.com/photos/15288621/pexels-photo-15288621.jpeg?auto=compress&cs=tinysrgb&fit=crop&h=1200&w=800,https://images.pexels.com/photos/15288621/pexels-photo-15288621.jpeg?auto=compress&cs=tinysrgb&fit=crop&h=627&w=1200,https://images.pexels.com/photos/15288621/pexels-photo-15288621.jpeg?auto=compress&cs=tinysrgb&dpr=1&fit=crop&h=200&w=280,FALSE,"Divers in Isla Mujeres, Mexico, exploring seabeds underwater with scuba gear.",1.499375260308205,landscape,medium
3098980,3872,2592,https://www.pexels.com/photo/scuba-divers-swimming-underwater-3098980/,Maël  BALLAND,https://www.pexels.com/@toulouse,873203,#04387A,https://images.pexels.com/photos/3098980/pexels-photo-3098980.jpeg,https://images.pexels.com/photos/3098980/pexels-photo-3098980.jpeg?auto=compress&cs=tinysrgb&dpr=2&h=650&w=940,https://images.pexels.com/photos/3098980/pexels-photo-3098980.jpeg?auto=compress&cs=tinysrgb&h=650&w=940,https://images.pexels.com/photos/3098980/pexels-photo-3098980.jpeg?auto=compress&cs=tinysrgb&h=350,https://images.pexels.com/photos/3098980/pexels-photo-3098980.jpeg?auto=compress&cs=tinysrgb&h=130,https://images.pexels.com/photos/3098980/pexels-photo-3098980.jpeg?auto=compress&cs=tinysrgb&fit=crop&h=1200&w=800,https://images.pexels.com/photos/3098980/pexels-photo-3098980.jpeg?auto=compress&cs=tinysrgb&fit=crop&h=627&w=1200,https://images.pexels.com/photos/3098980/pexels-photo-3098980.jpeg?auto=compress&cs=tinysrgb&dpr=1&fit=crop&h=200&w=280,FALSE,Divers exploring underwater wreckage during a deep ocean scuba dive.,1.4938271604938271,landscape,medium
10519070,4032,3024,https://www.pexels.com/photo/divers-exploring-a-cave-underwater-10519070/,Francisco Davids,https://www.pexels.com/@francisco-davids-150089269,150089269,#026376,https://images.pexels.com/photos/10519070/pexels-photo-10519070.jpeg,https://images.pexels.com/photos/10519070/pexels-photo-10519070.jpeg?auto=compress&cs=tinysrgb&dpr=2&h=650&w=940,https://images.pexels.com/photos/10519070/pexels-photo-10519070.jpeg?auto=compress&cs=tinysrgb&h=650&w=940,https://images.pexels.com/photos/10519070/pexels-photo-10519070.jpeg?auto=compress&cs=tinysrgb&h=350,https://images.pexels.com/photos/10519070/pexels-photo-10519070.jpeg?auto=compress&cs=tinysrgb&h=130,https://images.pexels.com/photos/10519070/pexels-photo-10519070.jpeg?auto=compress&cs=tinysrgb&fit=crop&h=1200&w=800,https://images.pexels.com/photos/10519070/pexels-photo-10519070.jpeg?auto=compress&cs=tinysrgb&fit=crop&h=627&w=1200,https://images.pexels.com/photos/10519070/pexels-photo-10519070.jpeg?auto=compress&cs=tinysrgb&dpr=1&fit=crop&h=200&w=280,FALSE,Scuba divers exploring a breathtaking underwater cave environment with intricate rock formations.,1.3333333333333333,landscape,large
4809130,4000,3000,https://www.pexels.com/photo/people-diving-near-ship-wreck-4809130/,Ruben Galante,https://www.pexels.com/@ruben-galante-3187936,3187936,#297FA7,https://images.pexels.com/photos/4809130/pexels-photo-4809130.jpeg,https://images.pexels.com/photos/4809130/pexels-photo-4809130.jpeg?auto=compress&cs=tinysrgb&dpr=2&h=650&w=940,https://images.pexels.com/photos/4809130/pexels-photo-4809130.jpeg?auto=compress&cs=tinysrgb&h=650&w=940,https://images.pexels.com/photos/4809130/pexels-photo-4809130.jpeg?auto=compress&cs=tinysrgb&h=350,https://images.pexels.com/photos/4809130/pexels-photo-4809130.jpeg?auto=compress&cs=tinysrgb&h=130,https://images.pexels.com/photos/4809130/pexels-photo-4809130.jpeg?auto=compress&cs=tinysrgb&fit=crop&h=1200&w=800,https://images.pexels.com/photos/4809130/pexels-photo-4809130.jpeg?auto=compress&cs=tinysrgb&fit=crop&h=627&w=1200,https://images.pexels.com/photos/4809130/pexels-photo-4809130.jpeg?auto=compress&cs=tinysrgb&dpr=1&fit=crop&h=200&w=280,FALSE,"Divers explore a sunken shipwreck off the coast of Madeira, Portugal.",1.3333333333333333,landscape,large
15463393,3600,2401,https://www.pexels.com/photo/people-diving-on-seabed-15463393/,Harvey Clements,https://www.pexels.com/@harvey-clements-13141095,13141095,#26587B,https://images.pexels.com/photos/15463393/pexels-photo-15463393.jpeg,https://images.pexels.com/photos/15463393/pexels-photo-15463393.jpeg?auto=compress&cs=tinysrgb&dpr=2&h=650&w=940,https://images.pexels.com/photos/15463393/pexels-photo-15463393.jpeg?auto=compress&cs=tinysrgb&h=650&w=940,https://images.pexels.com/photos/15463393/pexels-photo-15463393.jpeg?auto=compress&cs=tinysrgb&h=350,https://images.pexels.com/photos/15463393/pexels-photo-15463393.jpeg?auto=compress&cs=tinysrgb&h=130,https://images.pexels.com/photos/15463393/pexels-photo-15463393.jpeg?auto=compress&cs=tinysrgb&fit=crop&h=1200&w=800,https://images.pexels.com/photos/15463393/pexels-photo-15463393.jpeg?auto=compress&cs=tinysrgb&fit=crop&h=627&w=1200,https://images.pexels.com/photos/15463393/pexels-photo-15463393.jpeg?auto=compress&cs=tinysrgb&dpr=1&fit=crop&h=200&w=280,FALSE,"Scuba divers exploring the underwater world in Isla Mujeres, Mexico.",1.499375260308205,landscape,medium
